round,n_labeled,accuracy,strategy
0,8,0.32432432432432434,random
1,18,0.36486486486486486,random
2,28,0.4189189189189189,random
3,38,0.4189189189189189,random
4,48,0.47297297297297297,random
5,58,0.4864864864864865,random
6,68,0.5,random
7,78,0.4864864864864865,random
8,88,0.5675675675675675,random
9,98,0.5945945945945946,random
10,108,0.5675675675675675,random
11,118,0.5675675675675675,random
12,128,0.5675675675675675,random
