round,n_labeled,accuracy,strategy
0,8,0.32432432432432434,active
1,18,0.36486486486486486,active
2,28,0.3918918918918919,active
3,38,0.4864864864864865,active
4,48,0.4864864864864865,active
5,58,0.5,active
6,68,0.4864864864864865,active
7,78,0.47297297297297297,active
8,88,0.5,active
9,98,0.527027027027027,active
10,108,0.5675675675675675,active
11,118,0.5945945945945946,active
12,128,0.6351351351351351,active
